<annotation>
  <folder>pa</folder>
  <filename>1136.jpg</filename>
  <source>
		<database>NEU-DET</database>
  </source>
  <size>
    <width>200</width>
    <height>200</height>
    <depth>1</depth>
  </size>
  <segmented>0</segmented>
  <object>
    <name>patches</name>
    <pose>Unspecified</pose>
    <truncated>0</truncated>
    <difficult>0</difficult>
    <bndbox>
      <xmin>102</xmin>
      <ymin>45</ymin>
      <xmax>180</xmax>
      <ymax>163</ymax>
    </bndbox>
  </object>
</annotation>