<annotation>
  <folder>ps</folder>
  <filename>165.jpg</filename>
  <source>
		<database>NEU-DET</database>
  </source>
  <size>
    <width>200</width>
    <height>200</height>
    <depth>1</depth>
  </size>
  <segmented>0</segmented>
  <object>
    <name>pitted_surface</name>
    <pose>Unspecified</pose>
    <truncated>0</truncated>
    <difficult>0</difficult>
    <bndbox>
      <xmin>48</xmin>
      <ymin>55</ymin>
      <xmax>170</xmax>
      <ymax>199</ymax>
    </bndbox>
  </object>
</annotation>